RAID0,Disk Fault,10000,128,Error,Error
RAID1,Disk Fault,10000,128,22.49668193398975,0.0032944199920166284
RAID3,Disk Fault,10000,128,6.798696465993999,0.018090547993779182
